"Key","Tpl","Line","Cat","Wake"
"home_today_overview","templates/home_dashboard.html","111","主页","看今日主页"
"home_today_diet_overview","templates/home_dashboard.html","121","主页","看今日饮食概览"
"home_today_exercise_overview","templates/home_dashboard.html","131","主页","看今日运动概览"
"home_today_weight_overview","templates/home_dashboard.html","141","主页","看今日体重概览"
"home_today_goal_progress","templates/home_dashboard.html","151","主页","看今日目标进度"
"home_week_overview","templates/home_dashboard.html","161","主页","看本周主页"
"home_month_overview","templates/home_dashboard.html","171","主页","看本月主页"
"home_streak_days","templates/home_dashboard.html","181","主页","看连续记录天数"
"home_today_budget","templates/home_dashboard.html","191","主页","看今日热量预算"
"diet_add_meal","templates/crud_receipt.html","201","饮食","记一餐"
"diet_add_meal_note","templates/crud_receipt.html","211","饮食","记一餐（含备注）"
"diet_backfill","templates/crud_receipt.html","221","饮食","补记饮食"
"diet_backfill_batch","templates/crud_receipt.html","231","饮食","批量补记饮食"
"diet_scan_label","templates/nutrition_label_wizard.html","241","饮食","拍营养表记一餐"
"diet_scan_label_date","templates/nutrition_label_wizard.html","251","饮食","拍营养表补记一餐"
"diet_log_water","templates/crud_receipt.html","261","饮食","记喝水"
"diet_copy_yesterday","templates/crud_receipt.html","271","饮食","复制昨日饮食"
"diet_update_record","templates/crud_receipt.html","281","饮食","改饮食记录"
"diet_update_by_date","templates/crud_receipt.html","291","饮食","改某日饮食"
"diet_delete_record","templates/crud_receipt.html","301","饮食","删饮食记录"
"diet_delete_by_meal","templates/crud_receipt.html","311","饮食","删一餐"
"diet_delete_by_date","templates/crud_receipt.html","321","饮食","删某日饮食"
"diet_delete_by_range","templates/crud_receipt.html","331","饮食","批量删饮食"
"diet_view_today","templates/today_diet.html","341","饮食","看今日饮食"
"diet_view_yesterday","templates/today_diet.html","351","饮食","看昨日饮食"
"diet_view_this_week","templates/today_meals.html","361","饮食","看本周饮食"
"diet_view_last_week","templates/today_meals.html","371","饮食","看上周饮食"
"diet_view_this_month","templates/today_meals.html","381","饮食","看本月饮食"
"diet_view_last_month","templates/today_meals.html","391","饮食","看上月饮食"
"diet_view_7d","templates/today_meals.html","401","饮食","看最近 7 天饮食"
"diet_view_30d","templates/today_meals.html","411","饮食","看最近 30 天饮食"
"diet_view_range","templates/today_meals.html","421","饮食","看某段时间饮食"
"diet_view_water","templates/today_water.html","431","饮食","看今日喝水"
"diet_view_with_note","templates/today_meals.html","441","饮食","看有备注的饮食记录"
"food_search","templates/food_search.html","451","饮食","查食品"
"food_search_category","templates/food_search.html","461","饮食","查食品（按分类）"
"food_add","templates/crud_receipt.html","471","饮食","存食品"
"food_update","templates/crud_receipt.html","481","饮食","改食品"
"food_deprecate","templates/crud_receipt.html","491","饮食","下架食品"
"food_dedupe","templates/dedupe_report.html","501","饮食","看食品库（去重）"
"food_batch_import","templates/batch_import_preview.html","511","饮食","批量导入食品"
"food_batch_validate","templates/batch_import_preview.html","521","饮食","校验批量导入"
"food_source_stats","templates/source_stats.html","531","饮食","看食品来源统计"
"nutrition_ratio","templates/nutrition_ratio.html","541","饮食","看营养结构"
"nutrition_today","templates/today_diet.html","551","饮食","看今日营养"
"nutrition_overview","templates/diet_overview.html","561","饮食","看饮食总览"
"nutrition_detail","templates/nutrition_detail.html","571","饮食","看营养素深度"
"ranking_high_calorie","templates/food_ranking.html","581","饮食","看高热量榜"
"ranking_low_calorie","templates/food_ranking.html","591","饮食","看低热量榜"
"ranking_frequent","templates/food_ranking.html","601","饮食","看频繁吃榜"
"ranking_high_carb","templates/food_ranking.html","611","饮食","看高碳水榜"
"ranking_high_protein","templates/food_ranking.html","621","饮食","看高蛋白榜"
"ranking_all","templates/food_ranking.html","631","饮食","看全部排行榜"
"ranking_high_calorie_30d","templates/food_ranking.html","641","饮食","看高热量榜（最近 30 天）"
"ranking_high_calorie_month","templates/food_ranking.html","651","饮食","看高热量榜（本月）"
"ranking_high_calorie_custom","templates/food_ranking.html","661","饮食","看高热量榜（自定义）"
"ranking_low_calorie_30d","templates/food_ranking.html","671","饮食","看低热量榜（最近 30 天）"
"ranking_low_calorie_month","templates/food_ranking.html","681","饮食","看低热量榜（本月）"
"ranking_low_calorie_custom","templates/food_ranking.html","691","饮食","看低热量榜（自定义）"
"ranking_frequent_30d","templates/food_ranking.html","701","饮食","看频繁吃榜（最近 30 天）"
"ranking_frequent_month","templates/food_ranking.html","711","饮食","看频繁吃榜（本月）"
"ranking_frequent_custom","templates/food_ranking.html","721","饮食","看频繁吃榜（自定义）"
"ranking_high_carb_30d","templates/food_ranking.html","731","饮食","看高碳水榜（最近 30 天）"
"ranking_high_carb_month","templates/food_ranking.html","741","饮食","看高碳水榜（本月）"
"ranking_high_carb_custom","templates/food_ranking.html","751","饮食","看高碳水榜（自定义）"
"ranking_high_protein_30d","templates/food_ranking.html","761","饮食","看高蛋白榜（最近 30 天）"
"ranking_high_protein_month","templates/food_ranking.html","771","饮食","看高蛋白榜（本月）"
"ranking_high_protein_custom","templates/food_ranking.html","781","饮食","看高蛋白榜（自定义）"
"diet_review_week","templates/diet_review.html","791","饮食","饮食复盘（本周）"
"diet_review_month","templates/diet_review.html","801","饮食","饮食复盘（本月）"
"diet_review_90d","templates/diet_review.html","811","饮食","饮食复盘（最近 90 天）"
"diet_review_year","templates/diet_review.html","821","饮食","饮食复盘（今年）"
"diet_review_range","templates/diet_review.html","831","饮食","饮食复盘（自定义时间）"
"meal_dist_breakfast","templates/meal_distribution.html","841","饮食","看早餐（最近 7 天）"
"meal_dist_lunch","templates/meal_distribution.html","851","饮食","看午餐（最近 7 天）"
"meal_dist_dinner","templates/meal_distribution.html","861","饮食","看晚餐（最近 7 天）"
"meal_dist_snack","templates/meal_distribution.html","871","饮食","看加餐（最近 7 天）"
"meal_dist_all","templates/meal_distribution.html","881","饮食","看全部餐别分布（最近 7 天）"
"w_log","templates/weight_log_receipt.html","892","体重","记体重"
"w_log_note","templates/weight_log_receipt.html","903","体重","记体重（含备注）"
"w_backfill","templates/weight_log_receipt.html","914","体重","补录体重"
"w_backfill_batch","templates/weight_batch_receipt.html","925","体重","批量补录体重"
"w_today","templates/weight_dashboard.html","936","体重","看今日体重"
"w_update","templates/crud_receipt.html","947","体重","改体重记录"
"w_update_by_date","templates/crud_receipt.html","958","体重","改某日体重"
"w_delete","templates/crud_receipt.html","969","体重","删体重记录"
"w_delete_by_date","templates/crud_receipt.html","980","体重","删某日体重"
"w_delete_batch","templates/crud_receipt.html","991","体重","批量删体重"
"w_detail_week","templates/weight_history.html","1002","体重","看本周体重"
"w_detail_last_week","templates/weight_history.html","1013","体重","看上周体重"
"w_detail_month","templates/weight_history.html","1024","体重","看本月体重"
"w_detail_last_month","templates/weight_history.html","1035","体重","看上月体重"
"w_detail_7d","templates/weight_history.html","1046","体重","看最近 7 天体重"
"w_detail_90d","templates/weight_history.html","1057","体重","看最近 90 天体重"
"w_detail_range","templates/weight_history.html","1068","体重","看某段时间体重"
"w_curve","templates/weight_history.html","1079","体重","看体重曲线"
"w_curve_target","templates/weight_history.html","1090","体重","看体重曲线（带目标）"
"w_curve_milestone","templates/weight_history.html","1101","体重","看体重曲线（带里程碑）"
"w_curve_anomaly","templates/weight_history.html","1112","体重","看体重曲线（带异常点）"
"w_curve_month","templates/weight_history.html","1123","体重","看本月体重曲线"
"w_curve_last_month","templates/weight_history.html","1134","体重","看上月体重曲线"
"w_curve_90d","templates/weight_history.html","1145","体重","看最近 90 天体重曲线"
"w_curve_180d","templates/weight_history.html","1156","体重","看最近 180 天体重曲线"
"w_curve_365d","templates/weight_history.html","1167","体重","看最近 365 天体重曲线"
"w_curve_range","templates/weight_history.html","1178","体重","看某段时间体重曲线"
"w_vol","templates/weight_volatility_v2.html","1189","体重","看体重稳不稳（增强版）"
"w_vol_month","templates/weight_volatility_v2.html","1200","体重","看本月波动"
"w_vol_90d","templates/weight_volatility_v2.html","1211","体重","看最近 90 天波动"
"w_vol_180d","templates/weight_volatility_v2.html","1222","体重","看最近 180 天波动"
"w_vol_anomalies","templates/weight_volatility_v2.html","1233","体重","看波动异常点"
"w_notes","templates/weight_history.html","1244","体重","看「有备注」的体重记录"
"w_cmp_30d","templates/weight_compare.html","1255","体重","对比体重：最近 30 天 vs 之前 30 天"
"w_cmp_custom","templates/weight_compare.html","1266","体重","对比体重：自定义两段时间"
"w_cmp_week","templates/weight_compare.html","1277","体重","对比体重：本周 vs 上周"
"w_cmp_month","templates/weight_compare.html","1288","体重","对比体重：本月 vs 上月"
"w_cmp_ndays","templates/weight_compare.html","1299","体重","对比体重：近 N 天 vs 上一个 N 天"
"w_cmp_1y","templates/weight_compare.html","1310","体重","对比体重：今天 vs 一年前今天"
"w_cmp_6m","templates/weight_compare.html","1321","体重","对比体重：今天 vs 半年前今天"
"w_cmp_3m","templates/weight_compare.html","1332","体重","对比体重：今天 vs 三月前今天"
"w_cmp_target","templates/weight_compare.html","1343","体重","对比体重：当前 vs 目标体重"
"w_cmp_plateau","templates/weight_compare.html","1354","体重","对比体重：当前 vs 平台期首日"
"w_cmp_min","templates/weight_compare.html","1365","体重","对比体重：当前 vs 历史最低"
"w_cmp_max","templates/weight_compare.html","1376","体重","对比体重：当前 vs 历史最高"
"w_cmp_5kg","templates/weight_compare.html","1387","体重","对比体重：减重 5kg 那天 vs 今天"
"w_cmp_10kg","templates/weight_compare.html","1398","体重","对比体重：减重 10kg 那天 vs 今天"
"w_cmp_summer","templates/weight_compare.html","1409","体重","对比体重：当前 vs 入夏最低"
"w_cmp_winter","templates/weight_compare.html","1420","体重","对比体重：当前 vs 入冬最低"
"w_cmp_exercise","templates/weight_compare.html","1431","体重","对比体重：运动多 vs 运动少的两个月"
"w_cmp_weekend","templates/weight_compare.html","1442","体重","对比体重：工作日 vs 周末"
"w_overview","templates/weight_dashboard.html","1453","体重","看体重总览"
"w_review_week","templates/weight_review.html","1464","体重","体重复盘（本周）"
"w_review_month","templates/weight_review.html","1475","体重","体重复盘（本月）"
"w_review_90d","templates/weight_review.html","1486","体重","体重复盘（最近 90 天）"
"w_review_year","templates/weight_review.html","1497","体重","体重复盘（今年）"
"w_review_range","templates/weight_review.html","1508","体重","体重复盘（自定义时间）"
"w_milestones","templates/weight_review.html","1519","体重","看里程碑回溯"
"exercise_add","templates/crud_receipt.html","1531","运动","记运动"
"exercise_add_note","templates/crud_receipt.html","1541","运动","记运动（含备注）"
"exercise_add_strength","templates/crud_receipt.html","1551","运动","记力量训练"
"exercise_add_cardio","templates/crud_receipt.html","1561","运动","记有氧运动"
"exercise_add_daily","templates/crud_receipt.html","1571","运动","记日常活动"
"exercise_backfill","templates/crud_receipt.html","1581","运动","补记运动"
"exercise_batch_add","templates/crud_receipt.html","1591","运动","批量补记运动"
"exercise_copy","templates/crud_receipt.html","1601","运动","复制昨日运动"
"exercise_update","templates/crud_receipt.html","1611","运动","改运动记录"
"exercise_update_day","templates/crud_receipt.html","1621","运动","改某日运动"
"exercise_delete","templates/crud_receipt.html","1631","运动","删运动记录"
"exercise_delete_day","templates/crud_receipt.html","1641","运动","删某日运动"
"exercise_delete_range","templates/crud_receipt.html","1651","运动","批量删运动"
"exercise_view_today","templates/exercise_summary.html","1661","运动","看今日运动"
"exercise_view_yesterday","templates/exercise_summary.html","1671","运动","看昨日运动"
"exercise_view_week","templates/exercise_summary.html","1681","运动","看本周运动"
"exercise_view_last_week","templates/exercise_summary.html","1691","运动","看上周运动"
"exercise_view_month","templates/exercise_summary.html","1701","运动","看本月运动"
"exercise_view_last_month","templates/exercise_summary.html","1711","运动","看上月运动"
"exercise_view_7d","templates/exercise_summary.html","1721","运动","看最近 7 天运动"
"exercise_view_30d","templates/exercise_summary.html","1731","运动","看最近 30 天运动"
"exercise_view_range","templates/exercise_summary.html","1741","运动","看某段时间运动"
"exercise_view_today_vs_goal","templates/exercise_goal_view.html","1751","运动","看今日运动（vs 目标）"
"exercise_view_week_vs_goal","templates/exercise_goal_view.html","1761","运动","看本周运动（vs 目标）"
"exercise_view_notes","templates/exercise_summary.html","1771","运动","看运动记录（有备注）"
"exercise_view_strength","templates/exercise_summary.html","1781","运动","看运动记录（按力量筛选）"
"exercise_view_cardio","templates/exercise_summary.html","1791","运动","看运动记录（按有氧筛选）"
"exercise_view_60d","templates/exercise_summary.html","1801","运动","看最近 60 天运动"
"exercise_view_180d","templates/exercise_summary.html","1811","运动","看最近 180 天运动"
"exercise_view_365d","templates/exercise_summary.html","1821","运动","看最近 365 天运动"
"exercise_distribution","templates/exercise_distribution.html","1831","运动","看运动类型分布"
"exercise_strength_overview","templates/exercise_strength.html","1841","运动","看力量训练总览"
"exercise_cardio_overview","templates/exercise_cardio.html","1851","运动","看有氧训练总览"
"exercise_trend","templates/exercise_trend.html","1861","运动","看运动趋势"
"exercise_recap_week","templates/exercise_recap.html","1871","运动","运动复盘（本周）"
"exercise_recap_month","templates/exercise_recap.html","1881","运动","运动复盘（本月）"
"exercise_recap_90d","templates/exercise_recap.html","1891","运动","运动复盘（最近 90 天）"
"exercise_recap_year","templates/exercise_recap.html","1901","运动","运动复盘（今年）"
"exercise_recap_range","templates/exercise_recap.html","1911","运动","运动复盘（自定义时间）"
"plan_view_this_week","templates/workout_plan_view.html","1921","健身计划","看本周计划"
"plan_view_next_week","templates/workout_plan_view.html","1931","健身计划","看下周计划"
"plan_view_last_week","templates/workout_plan_view.html","1941","健身计划","看上周计划"
"plan_view_week","templates/workout_plan_view.html","1951","健身计划","看指定周计划"
"plan_view_today","templates/workout_plan_view.html","1961","健身计划","看今天练什么"
"plan_view_movement","templates/workout_plan_view.html","1971","健身计划","看某动作安排"
"plan_view_day","templates/workout_plan_view.html","1981","健身计划","看某天练什么"
"plan_overview","templates/workout_plan_view.html","1991","健身计划","看计划概览"
"plan_view_full","templates/workout_plan_view.html","2001","健身计划","看完整计划"
"plan_vs_actual","templates/workout_plan_view.html","2011","健身计划","看计划 vs 实际"
"plan_set","templates/plan_builder_wizard.html","2021","健身计划","定训练计划"
"plan_copy","templates/crud_receipt.html","2031","健身计划","复制训练计划"
"plan_set_rest","templates/crud_receipt.html","2041","健身计划","定休息日"
"plan_add_movement","templates/crud_receipt.html","2051","健身计划","加训练动作"
"plan_set_week","templates/crud_receipt.html","2061","健身计划","定一周计划"
"plan_update","templates/crud_receipt.html","2071","健身计划","改训练计划"
"plan_update_day","templates/crud_receipt.html","2081","健身计划","改某天训练"
"plan_delete_day","templates/crud_receipt.html","2091","健身计划","删某天训练"
"plan_update_movement","templates/crud_receipt.html","2101","健身计划","改动作"
"plan_delete","templates/crud_receipt.html","2111","健身计划","撤销训练计划"
"plan_execute","templates/process_progress.html","2121","健身计划","落地训练"
"plan_execute_weekend","templates/process_progress.html","2131","健身计划","落地到本周末"
"plan_execute_month","templates/process_progress.html","2141","健身计划","落地到本月底"
"plan_sync_xunji","templates/crud_receipt.html","2151","健身计划","同步到训记"
"plan_backfill_xunji","templates/crud_receipt.html","2161","健身计划","拉训记实绩"
"plan_review_week","templates/exercise_review.html","2171","健身计划","计划复盘（本周）"
"plan_review_month","templates/exercise_review.html","2181","健身计划","计划复盘（本月）"
"plan_review_all","templates/exercise_review.html","2191","健身计划","计划复盘（全部）"
"plan_completion_rate","templates/workout_plan_view.html","2201","健身计划","看计划完成率"
"plan_missed","templates/workout_plan_view.html","2211","健身计划","看未完成训练"
"plan_movement_rate","templates/workout_plan_view.html","2221","健身计划","看动作完成率"
"plan_contraindication","templates/contraindication_report.html","2231","健身计划","扫禁忌"
"goal_set_nutrition","templates/goal_config.html","2241","目标管理","定营养目标"
"goal_set_nutrition_auto","templates/goal_recommend.html","2251","目标管理","定营养目标(自动算)"
"goal_set_weight","templates/goal_weight.html","2261","目标管理","定体重目标"
"goal_set_weight_auto_deadline","templates/goal_weight.html","2271","目标管理","定体重目标(自动算截止)"
"goal_set_weight_with_start","templates/goal_weight.html","2281","目标管理","定体重目标(含起始日)"
"goal_set_water","templates/goal_config.html","2291","目标管理","定饮水目标"
"goal_set_water_auto","templates/goal_recommend.html","2301","目标管理","定饮水目标(自动算)"
"goal_set_full_kit","templates/goal_recommend.html","2311","目标管理","一键定全套目标"
"goal_view_today","templates/goal_progress.html","2321","目标管理","看今日目标"
"goal_view_week","templates/goal_progress.html","2331","目标管理","看本周目标"
"goal_view_nutrition_progress","templates/goal_progress.html","2341","目标管理","看营养目标进度"
"goal_view_weight_progress","templates/goal_progress.html","2351","目标管理","看体重目标进度"
"goal_view_water_progress","templates/goal_progress.html","2361","目标管理","看饮水目标进度"
"goal_view_vs_actual","templates/goal_progress.html","2371","目标管理","看目标对比实际"
"goal_view_completion","templates/goal_progress.html","2381","目标管理","看目标完成度"
"goal_view_expiring","templates/goal_progress.html","2391","目标管理","看即将到期的目标"
"goal_view_completion_rate_week","templates/goal_progress.html","2401","目标管理","看目标完成率(按周)"
"goal_view_completion_rate_month","templates/goal_progress.html","2411","目标管理","看目标完成率(按月)"
"goal_modify_nutrition","templates/goal_config.html","2421","目标管理","改营养目标"
"goal_modify_weight","templates/goal_weight.html","2431","目标管理","改体重目标"
"goal_modify_water","templates/goal_config.html","2441","目标管理","改饮水目标"
"goal_pause_all","templates/goal_status.html","2451","目标管理","暂停所有目标"
"goal_resume_all","templates/goal_status.html","2461","目标管理","重启所有目标"
"goal_view_history_complete","templates/goal_progress.html","2471","目标管理","看目标历史完成"
"goal_view_predict","templates/goal_progress.html","2481","目标管理","看目标预测达成"
"profile_setup","templates/crud_receipt.html","2492","基础信息","设置档案"
"profile_set_activity","templates/crud_receipt.html","2502","基础信息","设活动量"
"profile_update","templates/crud_receipt.html","2512","基础信息","改档案"
"profile_view","templates/crud_view.html","2522","基础信息","查档案"
"body_comp_add_caliper","templates/body_composition_wizard.html","2533","身体细节","记体脂（皮褶钳）"
"body_comp_add_external","templates/body_composition_wizard.html","2543","身体细节","记体脂（外部测量）"
"body_meas_add","templates/body_measurements_wizard.html","2553","身体细节","记围度"
"body_comp_backfill","templates/body_composition_wizard.html","2563","身体细节","补记体脂"
"body_meas_backfill","templates/body_measurements_wizard.html","2573","身体细节","补记围度"
"body_comp_list","templates/body_composition_view.html","2583","身体细节","看体脂"
"body_comp_trend","templates/body_composition_view.html","2593","身体细节","看体脂趋势"
"body_meas_list","templates/body_measurements_view.html","2603","身体细节","看围度"
"body_meas_trend","templates/body_measurements_view.html","2613","身体细节","看围度趋势"
"body_comp_compare","templates/body_composition_view.html","2623","身体细节","对比体脂"
"body_meas_compare","templates/body_measurements_view.html","2633","身体细节","对比围度"
"body_comp_delete","templates/crud_receipt.html","2643","身体细节","删体脂"
"body_meas_delete","templates/crud_receipt.html","2653","身体细节","删围度"
"body_photo_add_single","templates/body_photo_receipt.html","2664","身材照片","记身材照"
"body_photo_add_note","templates/body_photo_receipt.html","2674","身材照片","记身材照"
"body_photo_add_batch","templates/body_photo_receipt.html","2684","身材照片","记身材照"
"body_photo_list","templates/body_photo_gallery.html","2694","身材照片","查身材照"
"body_photo_compare","templates/body_photo_compare.html","2704","身材照片","对比两张照片"
"body_photo_gif","templates/body_photo_gif_result.html","2714","身材照片","生成身材照GIF"
"body_photo_delete","templates/body_photo_receipt.html","2724","身材照片","删身材照"
"body_photo_tag_set","templates/body_photo_receipt.html","2734","身材照片","改照片标签"
"body_photo_tag_add","templates/body_photo_receipt.html","2744","身材照片","加照片标签"
"body_photo_tag_remove","templates/body_photo_receipt.html","2754","身材照片","删照片标签"
"cross_weight_calorie_7d","templates/combined_analysis.html","2764","分析","看体重 vs 摄入(最近 7 天)"
"cross_weight_calorie_15d","templates/combined_analysis.html","2774","分析","看体重 vs 摄入(最近 15 天)"
"cross_weight_calorie_30d","templates/combined_analysis.html","2784","分析","看体重 vs 摄入(最近 30 天)"
"cross_weight_calorie_60d","templates/combined_analysis.html","2794","分析","看体重 vs 摄入(最近 60 天)"
"cross_weight_calorie_90d","templates/combined_analysis.html","2804","分析","看体重 vs 摄入(最近 90 天)"
"cross_weight_calorie_180d","templates/combined_analysis.html","2814","分析","看体重 vs 摄入(最近 180 天)"
"cross_weight_calorie_365d","templates/combined_analysis.html","2824","分析","看体重 vs 摄入(最近 365 天)"
"cross_weight_calorie_week_cur","templates/combined_analysis.html","2834","分析","看体重 vs 摄入(本周)"
"cross_weight_calorie_month_cur","templates/combined_analysis.html","2844","分析","看体重 vs 摄入(本月)"
"cross_weight_calorie_custom","templates/combined_analysis.html","2854","分析","看体重 vs 摄入(自定义)"
"cross_weight_exercise_7d","templates/combined_analysis.html","2864","分析","看体重 vs 运动(最近 7 天)"
"cross_weight_exercise_15d","templates/combined_analysis.html","2874","分析","看体重 vs 运动(最近 15 天)"
"cross_weight_exercise_30d","templates/combined_analysis.html","2884","分析","看体重 vs 运动(最近 30 天)"
"cross_weight_exercise_60d","templates/combined_analysis.html","2894","分析","看体重 vs 运动(最近 60 天)"
"cross_weight_exercise_90d","templates/combined_analysis.html","2904","分析","看体重 vs 运动(最近 90 天)"
"cross_weight_exercise_180d","templates/combined_analysis.html","2914","分析","看体重 vs 运动(最近 180 天)"
"cross_weight_exercise_365d","templates/combined_analysis.html","2924","分析","看体重 vs 运动(最近 365 天)"
"cross_weight_exercise_week_cur","templates/combined_analysis.html","2934","分析","看体重 vs 运动(本周)"
"cross_weight_exercise_month_cur","templates/combined_analysis.html","2944","分析","看体重 vs 运动(本月)"
"cross_weight_exercise_custom","templates/combined_analysis.html","2954","分析","看体重 vs 运动(自定义)"
"cross_weight_protein_7d","templates/combined_analysis.html","2964","分析","看体重 vs 蛋白(最近 7 天)"
"cross_weight_protein_15d","templates/combined_analysis.html","2974","分析","看体重 vs 蛋白(最近 15 天)"
"cross_weight_protein_30d","templates/combined_analysis.html","2984","分析","看体重 vs 蛋白(最近 30 天)"
"cross_weight_protein_60d","templates/combined_analysis.html","2994","分析","看体重 vs 蛋白(最近 60 天)"
"cross_weight_protein_90d","templates/combined_analysis.html","3004","分析","看体重 vs 蛋白(最近 90 天)"
"cross_weight_protein_180d","templates/combined_analysis.html","3014","分析","看体重 vs 蛋白(最近 180 天)"
"cross_weight_protein_365d","templates/combined_analysis.html","3024","分析","看体重 vs 蛋白(最近 365 天)"
"cross_weight_protein_week_cur","templates/combined_analysis.html","3034","分析","看体重 vs 蛋白(本周)"
"cross_weight_protein_month_cur","templates/combined_analysis.html","3044","分析","看体重 vs 蛋白(本月)"
"cross_weight_protein_custom","templates/combined_analysis.html","3054","分析","看体重 vs 蛋白(自定义)"
"cross_weight_deficit_7d","templates/combined_analysis.html","3064","分析","看体重 vs 缺口(最近 7 天)"
"cross_weight_deficit_15d","templates/combined_analysis.html","3074","分析","看体重 vs 缺口(最近 15 天)"
"cross_weight_deficit_30d","templates/combined_analysis.html","3084","分析","看体重 vs 缺口(最近 30 天)"
"cross_weight_deficit_60d","templates/combined_analysis.html","3094","分析","看体重 vs 缺口(最近 60 天)"
"cross_weight_deficit_90d","templates/combined_analysis.html","3104","分析","看体重 vs 缺口(最近 90 天)"
"cross_weight_deficit_180d","templates/combined_analysis.html","3114","分析","看体重 vs 缺口(最近 180 天)"
"cross_weight_deficit_365d","templates/combined_analysis.html","3124","分析","看体重 vs 缺口(最近 365 天)"
"cross_weight_deficit_week_cur","templates/combined_analysis.html","3134","分析","看体重 vs 缺口(本周)"
"cross_weight_deficit_month_cur","templates/combined_analysis.html","3144","分析","看体重 vs 缺口(本月)"
"cross_weight_deficit_custom","templates/combined_analysis.html","3154","分析","看体重 vs 缺口(自定义)"
"cross_calorie_exercise_7d","templates/combined_analysis.html","3164","分析","看摄入 vs 运动(最近 7 天)"
"cross_calorie_exercise_30d","templates/combined_analysis.html","3174","分析","看摄入 vs 运动(最近 30 天)"
"cross_calorie_exercise_90d","templates/combined_analysis.html","3184","分析","看摄入 vs 运动(最近 90 天)"
"cross_calorie_exercise_180d","templates/combined_analysis.html","3194","分析","看摄入 vs 运动(最近 180 天)"
"cross_calorie_exercise_365d","templates/combined_analysis.html","3204","分析","看摄入 vs 运动(最近 365 天)"
"cross_calorie_exercise_custom","templates/combined_analysis.html","3214","分析","看摄入 vs 运动(自定义)"
"cross_weight_bodyfat_7d","templates/combined_analysis.html","3224","分析","看体重 vs 体脂(最近 7 天)"
"cross_weight_bodyfat_30d","templates/combined_analysis.html","3234","分析","看体重 vs 体脂(最近 30 天)"
"cross_weight_bodyfat_90d","templates/combined_analysis.html","3244","分析","看体重 vs 体脂(最近 90 天)"
"cross_weight_bodyfat_180d","templates/combined_analysis.html","3254","分析","看体重 vs 体脂(最近 180 天)"
"cross_weight_bodyfat_365d","templates/combined_analysis.html","3264","分析","看体重 vs 体脂(最近 365 天)"
"cross_weight_bodyfat_custom","templates/combined_analysis.html","3274","分析","看体重 vs 体脂(自定义)"
"cross_weight_waist_7d","templates/combined_analysis.html","3284","分析","看体重 vs 围度(最近 7 天)"
"cross_weight_waist_30d","templates/combined_analysis.html","3294","分析","看体重 vs 围度(最近 30 天)"
"cross_weight_waist_90d","templates/combined_analysis.html","3304","分析","看体重 vs 围度(最近 90 天)"
"cross_weight_waist_180d","templates/combined_analysis.html","3314","分析","看体重 vs 围度(最近 180 天)"
"cross_weight_waist_365d","templates/combined_analysis.html","3324","分析","看体重 vs 围度(最近 365 天)"
"cross_weight_waist_custom","templates/combined_analysis.html","3334","分析","看体重 vs 围度(自定义)"
"cross_water_weight_30d","templates/combined_analysis.html","3344","分析","看饮水 vs 体重(最近 30 天)"
"cross_water_weight_custom","templates/combined_analysis.html","3354","分析","看饮水 vs 体重(自定义)"
"report_full_week_cur","templates/combined_analysis.html","3364","分析","看健康报告(本周)"
"report_full_week_prev","templates/combined_analysis.html","3374","分析","看健康报告(上周)"
"report_full_7d","templates/combined_analysis.html","3384","分析","看健康报告(最近 7 天)"
"report_full_30d","templates/combined_analysis.html","3394","分析","看健康报告(最近 30 天)"
"report_full_90d","templates/combined_analysis.html","3404","分析","看健康报告(最近 90 天)"
"report_full_180d","templates/combined_analysis.html","3414","分析","看健康报告(最近 180 天)"
"report_full_365d","templates/combined_analysis.html","3424","分析","看健康报告(最近 365 天)"
"report_full_month_cur","templates/combined_analysis.html","3434","分析","看健康报告(本月)"
"report_full_month_prev","templates/combined_analysis.html","3444","分析","看健康报告(上月)"
"report_full_year_cur","templates/combined_analysis.html","3454","分析","看健康报告(今年)"
"report_full_custom","templates/combined_analysis.html","3464","分析","看健康报告(自定义)"
"report_bmi","templates/combined_analysis.html","3474","分析","看BMI报告"
"report_tdee","templates/combined_analysis.html","3484","分析","看TDEE报告"
"report_bmr","templates/combined_analysis.html","3494","分析","看BMR报告"
"report_protein","templates/combined_analysis.html","3504","分析","看蛋白质摄入报告"
"report_water","templates/combined_analysis.html","3514","分析","看水分摄入报告"
"report_score","templates/combined_analysis.html","3524","分析","看综合评分"
"report_trend","templates/combined_analysis.html","3534","分析","看健康趋势"
"report_compare","templates/combined_analysis.html","3544","分析","看健康报告(含对比)"
"trend_g1","templates/combined_analysis.html","3554","分析","看整体趋势(体重+摄入+运动)"
"trend_g2","templates/combined_analysis.html","3564","分析","看整体趋势(体重+体脂+围度)"
"trend_g3","templates/combined_analysis.html","3574","分析","看整体趋势(饮食+蛋白+纤维)"
"trend_g4","templates/combined_analysis.html","3584","分析","看整体趋势(运动+力量+有氧)"
"trend_g5","templates/combined_analysis.html","3594","分析","看整体趋势(BMI+体脂+肌肉量)"
"trend_g6","templates/combined_analysis.html","3604","分析","看整体趋势(摄入+蛋白+运动)"
"trend_g7","templates/combined_analysis.html","3614","分析","看整体趋势(体重+蛋白+缺口)"
"trend_g8","templates/combined_analysis.html","3624","分析","看整体趋势(体重+摄入+缺口)"
"trend_g9","templates/combined_analysis.html","3634","分析","看整体趋势(体重+摄入+运动+缺口)"
"trend_g10","templates/combined_analysis.html","3644","分析","看整体趋势(蛋白+运动)"
"trend_g11","templates/combined_analysis.html","3654","分析","看整体趋势(综合多指标)"
"trend_period_monthly","templates/combined_analysis.html","3664","分析","看整体趋势(含月度对比)"
"trend_period_quarterly","templates/combined_analysis.html","3674","分析","看整体趋势(含季度对比)"
"trend_period_yearly","templates/combined_analysis.html","3684","分析","看整体趋势(含年度对比)"
"trend_period_target","templates/combined_analysis.html","3694","分析","看整体趋势(含目标对比)"
"diag_weight_volatility","templates/combined_analysis.html","3704","分析","诊断体重波动原因"
"diag_weight_plateau","templates/combined_analysis.html","3714","分析","诊断体重停滞(含平台期判断)"
"diag_weight_rebound","templates/combined_analysis.html","3724","分析","诊断体重反弹"
"diag_weight_loss_cause","templates/combined_analysis.html","3734","分析","诊断体重下降原因"
"diag_weight_anomaly","templates/combined_analysis.html","3744","分析","诊断体重异常点"
"diag_weight_divergence","templates/combined_analysis.html","3754","分析","诊断体重vs体脂围度背离"
"diag_diet_over","templates/combined_analysis.html","3764","分析","诊断饮食超标"
"diag_diet_under","templates/combined_analysis.html","3774","分析","诊断饮食不足"
"diag_diet_unbalanced","templates/combined_analysis.html","3784","分析","诊断营养不均衡(含均衡判断)"
"diag_diet_structure","templates/combined_analysis.html","3794","分析","诊断饮食结构问题"
"diag_exercise_insufficient","templates/combined_analysis.html","3804","分析","诊断运动不足"
"diag_exercise_overload","templates/combined_analysis.html","3814","分析","诊断运动过量"
"diag_exercise_type_imbalance","templates/combined_analysis.html","3824","分析","诊断运动类型失衡"
"diag_exercise_efficiency","templates/combined_analysis.html","3834","分析","诊断运动效率(含有效判断)"
"diag_exercise_advice","templates/combined_analysis.html","3844","分析","诊断运动建议(含类型推荐)"
"diag_why_not_losing","templates/combined_analysis.html","3854","分析","为什么我没瘦"
"diag_why_losing_fast","templates/combined_analysis.html","3864","分析","为什么我瘦太快"
"diag_rate_reasonable","templates/combined_analysis.html","3874","分析","我的减重速度合理吗"
"diag_strategy_check","templates/combined_analysis.html","3884","分析","我的减肥策略对吗"
"diag_gap_to_goal","templates/combined_analysis.html","3894","分析","我距离目标还差什么"
"diag_month_highlights","templates/combined_analysis.html","3904","分析","我这个月做得好的"
"diag_month_improve","templates/combined_analysis.html","3914","分析","我这个月需要改的"
"diag_overall","templates/combined_analysis.html","3924","分析","综合健康评估"
"nut_protein_carbs_7d","templates/combined_analysis.html","3934","分析","看蛋白 vs 碳水(最近 7 天)"
"nut_protein_carbs_30d","templates/combined_analysis.html","3944","分析","看蛋白 vs 碳水(最近 30 天)"
"nut_protein_carbs_90d","templates/combined_analysis.html","3954","分析","看蛋白 vs 碳水(最近 90 天)"
"nut_protein_carbs_custom","templates/combined_analysis.html","3964","分析","看蛋白 vs 碳水(自定义)"
"nut_protein_fat_30d","templates/combined_analysis.html","3974","分析","看蛋白 vs 脂肪(最近 30 天)"
"nut_protein_fat_90d","templates/combined_analysis.html","3984","分析","看蛋白 vs 脂肪(最近 90 天)"
"nut_protein_fat_custom","templates/combined_analysis.html","3994","分析","看蛋白 vs 脂肪(自定义)"
"nut_carbs_fat_30d","templates/combined_analysis.html","4004","分析","看碳水 vs 脂肪(最近 30 天)"
"nut_carbs_fat_90d","templates/combined_analysis.html","4014","分析","看碳水 vs 脂肪(最近 90 天)"
"nut_carbs_fat_custom","templates/combined_analysis.html","4024","分析","看碳水 vs 脂肪(自定义)"
"nut_sodium_fiber","templates/combined_analysis.html","4034","分析","看钠糖纤维趋势"
"nut_sodium_combined","templates/combined_analysis.html","4044","分析","看钠糖纤维综合"
"nut_advice","templates/combined_analysis.html","4054","分析","看营养建议"
"nut_macro3_30d","templates/combined_analysis.html","4064","分析","看三大营养交叉(最近 30 天)"
"nut_macro3_90d","templates/combined_analysis.html","4074","分析","看三大营养交叉(最近 90 天)"
"nut_macro3_custom","templates/combined_analysis.html","4084","分析","看三大营养交叉(自定义)"
"pred_weight_week","templates/combined_analysis.html","4094","分析","预测体重(1 周后)"
"pred_weight_month","templates/combined_analysis.html","4104","分析","预测体重(1 月后)"
"pred_weight_3m","templates/combined_analysis.html","4114","分析","预测体重(3 月后)"
"pred_weight_6m","templates/combined_analysis.html","4124","分析","预测体重(6 月后)"
"pred_weight_custom_t","templates/combined_analysis.html","4134","分析","预测体重(自定义时间)"
"pred_weight_target","templates/combined_analysis.html","4144","分析","预测体重(自定义目标)"
"pred_sim_cut_300","templates/combined_analysis.html","4154","分析","模拟减重(每天-300卡)"
"pred_sim_cut_500","templates/combined_analysis.html","4164","分析","模拟减重(每天-500卡)"
"pred_sim_cut_700","templates/combined_analysis.html","4174","分析","模拟减重(每天-700卡)"
"pred_sim_target_30","templates/combined_analysis.html","4184","分析","模拟减重(30天减Xkg)"
"pred_sim_target_60","templates/combined_analysis.html","4194","分析","模拟减重(60天减Xkg)"
"pred_sim_target_90","templates/combined_analysis.html","4204","分析","模拟减重(90天减Xkg)"
"pred_sim_target_custom","templates/combined_analysis.html","4214","分析","模拟减重(自定义天数减Xkg)"
"pred_cal_week","templates/combined_analysis.html","4224","分析","摄入预测(按当前速率 1 周)"
"pred_cal_month","templates/combined_analysis.html","4234","分析","摄入预测(按当前速率 1 月)"
"pred_cal_3m","templates/combined_analysis.html","4244","分析","摄入预测(按当前速率 3 月)"
"pred_cal_custom","templates/combined_analysis.html","4254","分析","摄入预测(自定义)"
"pred_cal_goal","templates/combined_analysis.html","4264","分析","摄入预测(营养目标达成预测)"
"pred_cal_deficit","templates/combined_analysis.html","4274","分析","摄入预测(卡路里缺口预测)"
"pred_cal_stability","templates/combined_analysis.html","4284","分析","摄入预测(摄入稳定性预测)"
"six_factors_daily","templates/combined_analysis.html","4294","分析","看每日 6 因素综合"
"","","4304","复盘","今日复盘"
"","","4310","复盘","关闭定时复盘"
"","","4316","复盘","复盘"
"","","4322","复盘","复盘日期范围"
"","","4328","复盘","开启定时复盘"
"","","4334","复盘","本周复盘"
"","","4340","复盘","本年复盘"
"","","4346","复盘","本月复盘"
"","","4352","分析","查低热量榜"
"","","4358","分析","查健康报告"
"","","4364","分析","查卡路里数据"
"","","4370","复盘","查定时复盘"
"deficit_analysis","templates/calorie_deficit.html","4376","分析","查热量缺口"
"","","4386","分析","查热量趋势"
"","","4392","分析","查营养结构"
"","","4398","分析","查运动分布"
"","","4404","分析","查运动贡献"
"","","4410","分析","查频繁吃榜"
"","","4416","分析","查食物排行"
"","","4422","分析","查高热量榜"
"","","4428","分析","查高碳水榜"
"","","4434","分析","查高蛋白榜"
"","","4440","饮食","看「有备注」的饮食记录"
